{"cameraMode":{"drawMode":0,"name":"Shaded","section":"Shading Mode"},"sceneLighting":false,"audioPlay":false,"sceneViewState":{"m_AlwaysRefresh":false,"showFog":true,"showSkybox":false,"showFlares":true,"showImageEffects":true,"showParticleSystems":true,"showVisualEffectGraphs":true,"m_FxEnabled":true},"in2DMode":false,"pivot":{"x":0.4436429738998413,"y":0.34134402871131899,"z":0.003827810287475586},"rotation":{"x":-0.06167936697602272,"y":0.9277542233467102,"z":-0.1774635910987854,"w":-0.32245081663131716},"size":1.522397756576538,"orthographic":true}